﻿<?xml version="1.0" encoding="utf-8"?>
<HelpTOC>

  <HelpTOCNode Title="Vis&#227;o geral" Url="html/visao_geral.htm" />
  <HelpTOCNode Title="Para quem se destina este documento" Url="html/para_quem.htm" />
  <HelpTOCNode Title="Funcionalidades" Url="html/funcionalidades.htm" />
  <HelpTOCNode Id="1498ea48-eb54-4035-8968-07b8c1ff512e" Title="Exemplos" Url="html/exemplos.htm">
    <HelpTOCNode Title="Exemplo 1 - Somente ida, informando a data de chegada desejada ao destino" Url="html/exemplo_1.htm" />
    <HelpTOCNode Title="Exemplo 2 - Somente ida, informando a data de sa&#237;da do endere&#231;o de origem" Url="html/exemplo_2.htm" />
    <HelpTOCNode Title="Exemplo 3 - Somente ida, informando o retorno de transporte publico na resposta" Url="html/exemplo_3.htm" />
    <HelpTOCNode Title="Exemplo 4 - Ida e volta. Ida informada com data de chegada e volta informada com data de sa&#237;da" Url="html/exemplo_4.htm" />
    <HelpTOCNode Title="Exemplo 5 - Ida e volta com conte&#250;do do voo de ida vindo de um provedor externo" Url="html/exemplo_5.htm" />
    <HelpTOCNode Title="Exemplo 6 - Ida e volta com conte&#250;do dos voos de ida e de volta vindos de um provedor externo" Url="html/exemplo_6.htm" />
    <HelpTOCNode Title="Exemplo 7 - Ida e volta, especificando localiza&#231;&#227;o da hospedagem" Url="html/exemplo_7.htm" />
    <HelpTOCNode Title="Exemplo 8 - Ida e volta, especificando voos e hospedagem" Url="html/exemplo_8.htm" />
    <HelpTOCNode Title="Request completo" Url="html/request_completo.htm" />
    <HelpTOCNode Title="Response completo" Url="html/response_completo.htm" />
  </HelpTOCNode>
  <HelpTOCNode Id="af2f1263-1245-4575-8222-58a1e8cd021a" Title="Especifica&#231;&#245;es t&#233;cnicas">
    <HelpTOCNode Id="dbb7aca2-e20a-4ead-bde0-da4971905cd2" Title="Door2Door project documentation" Url="html/9d31bd54-6767-be5f-31fb-d4825b7e5eca.htm">
      <HelpTOCNode Id="4ec6f4fc-4256-42fd-8842-1faf4540617c" Title="Door2DoorCore" Url="html/36e2c038-4cff-7528-d224-1794f2e692f1.htm">
        <HelpTOCNode Id="9d843d54-ded3-4615-a102-18885b6fbae5" Title="Door2Door Class" Url="html/79589a4f-890c-39a5-bd1d-c4b5c4078a04.htm">
          <HelpTOCNode Id="181e1d83-14a1-4bee-a8ff-fba2f7e16aef" Title="Door2Door Constructor " Url="html/46a0e07d-315e-9646-3aaa-67cc84a7c33e.htm">
            <HelpTOCNode Title="Door2Door Constructor (D2DRequest)" Url="html/83f121bb-948a-25da-7b3f-29995cfb0746.htm" />
            <HelpTOCNode Title="Door2Door Constructor (D2DRequest, Int32, Int32, Int32)" Url="html/4611af4c-18d2-315c-dafb-f0dd1e87524f.htm" />
          </HelpTOCNode>
          <HelpTOCNode Id="ce48f331-02b1-4a43-8132-82f0034f2bc8" Title="Door2Door Methods" Url="html/1a5a36d5-af1b-89e4-7abb-57875e01c63e.htm">
            <HelpTOCNode Title="GetResponse Method " Url="html/0930f737-2c51-f8b1-e36c-bfeb84232cc1.htm" />
          </HelpTOCNode>
          <HelpTOCNode Id="bbfdc818-0ed0-418a-aec0-dfe295e9513f" Title="Door2Door Properties" Url="html/246f9d4a-1ba1-6ff8-4e97-c745c4ffd2d3.htm">
            <HelpTOCNode Title="Req Property " Url="html/e8c18e0e-5cbf-dce7-19f1-492fdefb28df.htm" />
            <HelpTOCNode Title="Resp Property " Url="html/17eba4f2-434f-1b4f-7fd6-f2f42c719577.htm" />
          </HelpTOCNode>
        </HelpTOCNode>
        <HelpTOCNode Id="3b8a0490-e24e-4d43-9ead-823f966213e8" Title="Door2DoorCore.Exceptions" Url="html/07f6a8fb-7856-c496-abb9-fb0539d3c7dd.htm">
          <HelpTOCNode Id="4078eca2-b090-4adb-9374-85ca4f3ab133" Title="D2DRequestException Class" Url="html/33080e99-72ee-e9e1-b684-b03cb62a9e22.htm">
            <HelpTOCNode Id="5e5ecadb-dac3-42eb-b7f5-01f9feb57739" Title="D2DRequestException Constructor " Url="html/af6d3aad-54c7-1ad9-5345-b4eef0fd7fa8.htm">
              <HelpTOCNode Title="D2DRequestException Constructor " Url="html/f6c3e36e-343e-6432-c2d5-5ee3d5d22e2d.htm" />
              <HelpTOCNode Title="D2DRequestException Constructor (String)" Url="html/76356cc8-1602-d6b5-7d18-891506481804.htm" />
            </HelpTOCNode>
          </HelpTOCNode>
          <HelpTOCNode Id="ab947823-506d-4b80-a115-1c72c443ab37" Title="D2DResponseException Class" Url="html/9a046528-9e5f-2e33-3e09-bf14adb91d61.htm">
            <HelpTOCNode Id="ac4769d2-f101-4a13-9d60-a538ecc0e757" Title="D2DResponseException Constructor " Url="html/2b0dfd43-dfad-1fa7-ac72-ff5ddfedd264.htm">
              <HelpTOCNode Title="D2DResponseException Constructor " Url="html/7aa72dd1-ed38-582d-b8a7-7d923c3a86f6.htm" />
              <HelpTOCNode Title="D2DResponseException Constructor (Exception)" Url="html/ee06d2ab-37aa-f391-dd84-19ae42a745eb.htm" />
              <HelpTOCNode Title="D2DResponseException Constructor (String)" Url="html/a56e5942-496f-c4f5-038f-2c3c335569c1.htm" />
            </HelpTOCNode>
          </HelpTOCNode>
        </HelpTOCNode>
        <HelpTOCNode Id="b559e600-ed6c-49da-9db4-233175489080" Title="Door2DoorCore.Types Namespace">
          <HelpTOCNode Id="30d6deb3-9938-4ea6-844d-9a36d93baedc" Title="Door2DoorCore.Types.Door2DoorRequest" Url="html/112b736b-c7a6-45e5-817c-22a97a54f81e.htm">
            <HelpTOCNode Id="b8d50648-edf8-4781-9234-854193b87466" Title="D2DRequest Class" Url="html/d7f32599-ca2c-f8d4-ab32-5840ef6fe840.htm">
              <HelpTOCNode Title="D2DRequest Constructor " Url="html/ca0e6ac1-76bb-0e6f-3c3b-b2c4951618b0.htm" />
              <HelpTOCNode Id="27e493c6-b5be-4c54-b3dd-73d40b62442e" Title="D2DRequest Fields" Url="html/d442d8d6-2252-2f63-70a7-3f25585afb5f.htm">
                <HelpTOCNode Title="currency Field" Url="html/2e980f6b-a00a-056e-af55-6db7a91608a4.htm" />
                <HelpTOCNode Title="dataType Field" Url="html/f387418f-ae68-94fd-ed3b-381ba0521e88.htm" />
                <HelpTOCNode Title="key Field" Url="html/8acd059e-5a6a-8189-5699-250545b71392.htm" />
                <HelpTOCNode Title="requestType Field" Url="html/60a3334b-bfa0-a1da-87bb-4132769718bb.htm" />
                <HelpTOCNode Title="url Field" Url="html/bb02b833-045b-f925-8d45-91fdadea3ea8.htm" />
              </HelpTOCNode>
              <HelpTOCNode Id="f0f3af4f-a80d-4bb9-a7cb-ca298fcde18a" Title="D2DRequest Properties" Url="html/62f2d4cb-9c4d-0de7-d1eb-c638950eed58.htm">
                <HelpTOCNode Title="chosenRoute Property " Url="html/9f80dfaf-3675-157a-3f68-70f2f494c71f.htm" />
                <HelpTOCNode Title="chosenStay Property " Url="html/bc8371de-4dbf-1310-c59a-d15c7214b608.htm" />
                <HelpTOCNode Title="dailyAlimentationBudget Property " Url="html/daa4aac7-15d4-f899-eaa3-717d3950a81e.htm" />
                <HelpTOCNode Title="desiredInboundDate Property " Url="html/5a53e52f-4df6-06f6-8179-8271513a0311.htm" />
                <HelpTOCNode Title="desiredOutboundDate Property " Url="html/696ed19a-f238-b1e1-118d-cd146b4dcaae.htm" />
                <HelpTOCNode Title="destLocation Property " Url="html/cb3f7830-c553-c5ac-6ab2-0158f522882d.htm" />
                <HelpTOCNode Title="flags Property " Url="html/9d2b6227-7ac5-9e0b-1e27-b3381c4d33d2.htm" />
                <HelpTOCNode Title="inboundDateKind Property " Url="html/b353dfe6-462c-1142-edbb-72a742e89680.htm" />
                <HelpTOCNode Title="maxDriveKm Property " Url="html/f269b0d7-8a0a-9584-a0e4-62b16df0ed22.htm" />
                <HelpTOCNode Title="oriLocation Property " Url="html/03e9640a-f5df-aad1-dc4a-a659d4a5402a.htm" />
                <HelpTOCNode Title="outboundDateKind Property " Url="html/377cdfcf-0f31-fa74-8cf2-a4dd21a22d01.htm" />
              </HelpTOCNode>
            </HelpTOCNode>
            <HelpTOCNode Id="53b2abd3-d673-493f-8d4e-da02fe01d7e7" Title="D2DRequestFlags Class" Url="html/5057823f-c8f0-f1a5-595e-056fcdb7b2a0.htm">
              <HelpTOCNode Title="D2DRequestFlags Constructor " Url="html/43e931ed-8c2f-cea0-9eb8-b9206b35f1cc.htm" />
              <HelpTOCNode Id="bf196ae1-d53a-44ac-9c92-be910301e631" Title="D2DRequestFlags Properties" Url="html/cb058d95-4c72-0759-cdd8-27edd46cedf0.htm">
                <HelpTOCNode Title="includePublicTransp Property " Url="html/35d2a300-bb22-45d5-86f1-8af651b275f0.htm" />
              </HelpTOCNode>
            </HelpTOCNode>
            <HelpTOCNode Id="77a10809-f1f4-4592-9578-1f04088ed57c" Title="D2DRequestLocation Class" Url="html/53128484-85b7-45e2-26fa-bdc76fde108a.htm">
              <HelpTOCNode Title="D2DRequestLocation Constructor " Url="html/7db3d5cb-9d01-63c9-24bd-5c8eb0edbaa5.htm" />
              <HelpTOCNode Id="da162b3c-8e1a-42ab-9cb8-f79dbf137f90" Title="D2DRequestLocation Properties" Url="html/39fb098f-9ab7-fb0f-4d8a-9640f7ac2819.htm">
                <HelpTOCNode Title="lat Property " Url="html/56e4495d-a615-0e8e-6438-7c060b70a49e.htm" />
                <HelpTOCNode Title="lng Property " Url="html/7f92e96e-6f23-5372-45fc-1dcebc5e48eb.htm" />
                <HelpTOCNode Title="type Property " Url="html/4ca809b4-4f2c-c0cd-49d8-204f4d31b81f.htm" />
              </HelpTOCNode>
            </HelpTOCNode>
            <HelpTOCNode Title="D2dRequestTripDateKind Enumeration" Url="html/af07b1b5-e0ee-33fb-826b-c87eb28a5558.htm" />
            <HelpTOCNode Title="D2DRequestType Enumeration" Url="html/cb1f51c9-04d5-a275-8010-358fa3567a28.htm" />
            <HelpTOCNode Id="032648c4-4c78-435c-b4ca-51f4d0e1394c" Title="Door2DoorCore.Types.Door2DoorRequest.OuterFlightOption" Url="html/2c7d39d3-49a4-f8c3-ac8a-8d92e9c52499.htm">
              <HelpTOCNode Id="807d84a7-510c-4893-bce4-104180e95382" Title="OuterFlightLeg Class" Url="html/83188ca9-2a2f-7f03-7bcf-1d5deacab6a8.htm">
                <HelpTOCNode Title="OuterFlightLeg Constructor " Url="html/26e73344-6f5c-3e35-fb4e-b7a669df7b8f.htm" />
                <HelpTOCNode Id="0d5494b8-819a-4261-9cf6-d4c8a6f1e027" Title="OuterFlightLeg Properties" Url="html/c71239e4-8de1-9082-93be-beadbaf0b19c.htm">
                  <HelpTOCNode Title="arrivalDate Property " Url="html/a4627ac1-b49e-1d15-44b2-32219ebc9027.htm" />
                  <HelpTOCNode Title="departureDate Property " Url="html/8402ebec-cbc1-eb22-ccf9-52e9c2963f48.htm" />
                  <HelpTOCNode Title="destination Property " Url="html/5a1668fc-3115-24e9-020f-8952d7d37314.htm" />
                  <HelpTOCNode Title="distance Property " Url="html/974f0eef-7809-f3ca-95d6-7b6ae15a735e.htm" />
                  <HelpTOCNode Title="duration Property " Url="html/09a3a476-1173-7a75-a8ea-fca9fb32fa43.htm" />
                  <HelpTOCNode Title="fareBasis Property " Url="html/8a6f1db0-ff5d-a779-d3c8-147541e0a34b.htm" />
                  <HelpTOCNode Title="fareClass Property " Url="html/b9983d0c-23b1-cb69-c180-f0646ad7d272.htm" />
                  <HelpTOCNode Title="marketingAirline Property " Url="html/47c0096b-dc2b-b76c-cb49-469bbecf1b1a.htm" />
                  <HelpTOCNode Title="number Property " Url="html/c1cb6b3c-92fa-c8ef-250d-7bda37906e7b.htm" />
                  <HelpTOCNode Title="operatingAirline Property " Url="html/6c106137-26bd-5808-4465-c34fa74ba259.htm" />
                  <HelpTOCNode Title="origin Property " Url="html/2e32cc6b-3a1f-3ea5-0bb7-c3985023b7e1.htm" />
                </HelpTOCNode>
              </HelpTOCNode>
              <HelpTOCNode Id="19496eee-0712-461c-88f5-bd3622c5c7f3" Title="OuterFlightOption Class" Url="html/1cc159fb-7876-baed-a11d-f5b1743b8af8.htm">
                <HelpTOCNode Title="OuterFlightOption Constructor " Url="html/42ebc9bd-d9a3-4e17-063a-69e772b4b4f3.htm" />
                <HelpTOCNode Id="5754f000-46e7-4275-a180-58b08609553d" Title="OuterFlightOption Properties" Url="html/f2638e7a-6c2b-e487-2d04-f79fc186dfb6.htm">
                  <HelpTOCNode Title="currency Property " Url="html/52b52477-8095-c1a1-da33-88e601d86b40.htm" />
                  <HelpTOCNode Title="flightSegment Property " Url="html/a4c29f8f-2bd3-bc12-e433-ffa96c6eb3fc.htm" />
                  <HelpTOCNode Title="price Property " Url="html/56002808-d5c5-92e6-b1e9-92731b3e0b75.htm" />
                  <HelpTOCNode Title="routeIndex Property " Url="html/4b6640cc-5330-0507-4c10-5ed9f39a044c.htm" />
                  <HelpTOCNode Title="segmentIndex Property " Url="html/d6ed43cc-28de-ded2-dc28-894c71ea6f44.htm" />
                </HelpTOCNode>
              </HelpTOCNode>
              <HelpTOCNode Id="bf83bbba-c81b-4b68-9fc3-152ab79ea7f2" Title="OuterFlightSegment Class" Url="html/d801f847-e199-f475-34ec-9e4e210b842f.htm">
                <HelpTOCNode Title="OuterFlightSegment Constructor " Url="html/4cd97d0d-fa63-3742-c789-ac759f0664dd.htm" />
                <HelpTOCNode Id="db037668-fe58-4378-ac1b-77c056551c82" Title="OuterFlightSegment Properties" Url="html/00e51a6c-74c6-370f-79af-40f5cb06d074.htm">
                  <HelpTOCNode Title="flightLegs Property " Url="html/e2ae12c2-dd12-f070-8292-14f202e836fa.htm" />
                </HelpTOCNode>
              </HelpTOCNode>
            </HelpTOCNode>
            <HelpTOCNode Id="19a4ef66-6204-47c9-837f-90826e09a196" Title="Door2DoorCore.Types.Door2DoorRequest.OuterHotelOption" Url="html/4982239f-c409-4ec5-43a3-24b19a7eb927.htm">
              <HelpTOCNode Id="cb1fecc2-3fc9-4fb8-b21f-905b391fcbc4" Title="OuterHotelOption Class" Url="html/6902ad4c-413e-7c34-5876-d96241d1eae3.htm">
                <HelpTOCNode Title="OuterHotelOption Constructor " Url="html/71c8e7d5-8c10-9389-f56f-4d5246bda4b3.htm" />
                <HelpTOCNode Id="27f89122-1b89-472d-aa1d-f93665cb21f7" Title="OuterHotelOption Properties" Url="html/077bfe0b-3401-f034-5f28-14b12581b562.htm">
                  <HelpTOCNode Title="checkinDate Property " Url="html/49f17e09-d3ff-1436-044e-5a32637fd8cf.htm" />
                  <HelpTOCNode Title="checkoutDate Property " Url="html/638946fd-b4e9-e4cc-c4fb-3ba17f43a236.htm" />
                  <HelpTOCNode Title="completeStay Property " Url="html/c69ce7a1-6505-ec9d-98dd-3bbfda85a85a.htm" />
                  <HelpTOCNode Title="location Property " Url="html/89ee7c64-b8a2-4213-31a0-c2be053b61ec.htm" />
                  <HelpTOCNode Title="totalPrice Property " Url="html/5859ccce-5f39-3fe8-f5a6-dfac9ef58b01.htm" />
                </HelpTOCNode>
              </HelpTOCNode>
            </HelpTOCNode>
          </HelpTOCNode>
          <HelpTOCNode Id="5c2db096-bd29-4973-b00d-29d9cfad1a7a" Title="Door2DoorCore.Types.Door2DoorResponse" Url="html/b4faae15-91fc-4a99-cf15-87b700af64fb.htm">
            <HelpTOCNode Id="9311f6a7-6a56-450d-97b3-22b2ef148d89" Title="Codeshare Class" Url="html/98cd0b3e-5dd4-a6d6-32fd-f4d0621f5159.htm">
              <HelpTOCNode Title="Codeshare Constructor " Url="html/00f6fbb6-e0ef-c2bd-05ba-2583b9758ff5.htm" />
              <HelpTOCNode Id="0a2da4fc-3986-405e-81c8-75e9bf03a4ed" Title="Codeshare Properties" Url="html/6b111113-1e5a-19bb-9b63-d1e6a3dd5fe0.htm">
                <HelpTOCNode Title="Airline Property " Url="html/4135c8d0-cf59-a563-1fa2-6c6511e93ec6.htm" />
              </HelpTOCNode>
            </HelpTOCNode>
            <HelpTOCNode Id="a1a337f7-5328-4278-8715-47cc1aba527e" Title="Door2DoorLegResponse Class" Url="html/7ea0a1bd-e663-4248-5417-b8b3dcf08ed2.htm">
              <HelpTOCNode Title="Door2DoorLegResponse Constructor " Url="html/f61361a9-5ba1-fc98-f049-961c207e673e.htm" />
              <HelpTOCNode Id="7f4a1122-53d9-469e-99b2-3f5c4b864cac" Title="Door2DoorLegResponse Properties" Url="html/c11189e1-3feb-9504-8299-ff09ea34d06a.htm">
                <HelpTOCNode Title="Routes Property " Url="html/83706af5-2713-de1a-3341-5f6a156ffacf.htm" />
                <HelpTOCNode Title="ServeTime Property " Url="html/804a6639-2ab2-fbdf-d2d6-18bedb3dedb1.htm" />
              </HelpTOCNode>
            </HelpTOCNode>
            <HelpTOCNode Id="981481f5-a22b-4c5f-ac7e-d40579130839" Title="Door2DoorResponse Class" Url="html/32721075-0a75-2624-45ac-408597ed7ead.htm">
              <HelpTOCNode Title="Door2DoorResponse Constructor " Url="html/36d75aca-691b-16fc-a7f9-ac0262e3a8b4.htm" />
              <HelpTOCNode Id="94ff9757-2660-4f7d-a32a-619909c30d72" Title="Door2DoorResponse Properties" Url="html/13f3cab7-d43f-5a37-a32b-f7b5b677e070.htm">
                <HelpTOCNode Title="LegResponse Property " Url="html/421fb84e-3e33-a915-ae15-8a4fcca67f5c.htm" />
                <HelpTOCNode Title="NumberOfTaxisOnStay Property " Url="html/6c9a04ef-20e5-a62d-2ba6-edc93eae91bd.htm" />
                <HelpTOCNode Title="totalPriceOfAlimentation Property " Url="html/ad501144-4fcd-0152-e1db-c00f614286a6.htm" />
                <HelpTOCNode Title="TotalPriceOfHotel Property " Url="html/7ce756a6-e97a-eadd-f6f5-ee8da5d554f3.htm" />
                <HelpTOCNode Title="TotalPriceOfLocalTaxi Property " Url="html/c736f751-e104-16a1-a7e5-3147955ee343.htm" />
              </HelpTOCNode>
            </HelpTOCNode>
            <HelpTOCNode Id="24bacd8b-8dc5-4edc-adab-cbe0463ff9bb" Title="Hop Class" Url="html/b6ed7f75-a090-1fe2-541e-bf195cd4b42a.htm">
              <HelpTOCNode Title="Hop Constructor " Url="html/bbb21273-b83d-3dcf-e0f5-14668c19f02e.htm" />
              <HelpTOCNode Id="63c97f6f-3d96-4b6f-bb1c-0365d00dc551" Title="Hop Properties" Url="html/c41b64ab-0bda-bf74-95d5-b499f0f61bc6.htm">
                <HelpTOCNode Title="Aircraft Property " Url="html/f14cfe26-9c6c-2231-ffee-192482e26c41.htm" />
                <HelpTOCNode Title="Airline Property " Url="html/cc1ebfb1-15c7-576a-c40e-2f66c2c2ce96.htm" />
                <HelpTOCNode Title="Codeshares Property " Url="html/48bc0c97-5951-ea3c-749d-cf70674abd41.htm" />
                <HelpTOCNode Title="DayChange Property " Url="html/f3fbc334-cb11-8206-f198-f22e31ad33a4.htm" />
                <HelpTOCNode Title="Duration Property " Url="html/8e6a5545-6be6-39a8-995c-4c8b46ce35bc.htm" />
                <HelpTOCNode Title="Flight Property " Url="html/c655604b-947f-1305-d070-9d77abeb0f20.htm" />
                <HelpTOCNode Title="Frequency Property " Url="html/7ea709ef-40e4-93d0-f7dd-f863d9da70f2.htm" />
                <HelpTOCNode Title="IndicativePrice Property " Url="html/999bc917-1e00-7e98-b391-93cc04ac210b.htm" />
                <HelpTOCNode Title="Lines Property " Url="html/d9d6758c-2a3a-2d71-f3c0-37067df18444.htm" />
                <HelpTOCNode Title="SCode Property " Url="html/0e04df1e-19a4-7bcb-a987-d02455fc5f3a.htm" />
                <HelpTOCNode Title="SName Property " Url="html/04052acc-b3a9-e514-28f1-b44f84484a59.htm" />
                <HelpTOCNode Title="SPos Property " Url="html/060b20da-09bc-d0aa-d933-0c7bb9544b6b.htm" />
                <HelpTOCNode Title="STerminal Property " Url="html/f67a1f30-fb4c-8f74-71c2-09cf7c8d5447.htm" />
                <HelpTOCNode Title="STime Property " Url="html/0b186803-8e81-8f7a-9ba5-54ccc823a997.htm" />
                <HelpTOCNode Title="TCode Property " Url="html/de2005c8-b5f5-7b76-3349-cb528446b7b6.htm" />
                <HelpTOCNode Title="TName Property " Url="html/3c5f43d5-c71d-feaf-7f91-eb04177c651d.htm" />
                <HelpTOCNode Title="TPos Property " Url="html/f820548e-c1bc-d7e6-7e43-654bef7f99d0.htm" />
                <HelpTOCNode Title="TTime Property " Url="html/f0387912-3e2f-2818-08e2-caa140401b99.htm" />
              </HelpTOCNode>
            </HelpTOCNode>
            <HelpTOCNode Id="caa4d035-ab3a-40b2-9826-8d755a7af1ac" Title="IndicativePrice Class" Url="html/2224e75d-b447-fdab-5a7d-d828c8502c3a.htm">
              <HelpTOCNode Title="IndicativePrice Constructor " Url="html/fb66ad10-8deb-347c-ad1b-9623e069655d.htm" />
              <HelpTOCNode Id="d66c82fd-1fe6-4907-b930-0d23b19dd0bd" Title="IndicativePrice Properties" Url="html/0396433d-e027-76f3-fbf5-748364f18065.htm">
                <HelpTOCNode Title="Currency Property " Url="html/e171a575-3730-3b2a-497c-e8324ffb0d0e.htm" />
                <HelpTOCNode Title="IsFreeTransfer Property " Url="html/ac149cb0-bf8a-36f9-9366-43cbc936390f.htm" />
                <HelpTOCNode Title="Price Property " Url="html/affd6a96-c456-8f47-3dcc-82cd04baad74.htm" />
              </HelpTOCNode>
            </HelpTOCNode>
            <HelpTOCNode Id="caeaa92d-4792-4f7f-b4b2-0d6d645901ca" Title="IndicativePrice2 Class" Url="html/786a8688-2a3c-4c9f-5532-575c7bf60002.htm">
              <HelpTOCNode Title="IndicativePrice2 Constructor " Url="html/1a35aee4-2347-fa4e-34f9-9bcf8bfc5d3e.htm" />
              <HelpTOCNode Id="1e486426-f204-48a4-be3f-d9d3ef339620" Title="IndicativePrice2 Properties" Url="html/2faf937a-3bf0-3030-7d35-1b76d639982f.htm">
                <HelpTOCNode Title="Currency Property " Url="html/285a3eac-7d45-37d7-d80b-b581e48a395e.htm" />
                <HelpTOCNode Title="IsFreeTransfer Property " Url="html/579edbb6-7380-d93a-7b75-fb1165bfc85f.htm" />
                <HelpTOCNode Title="NativeCurrency Property " Url="html/9035350c-ea59-27f5-96ac-31b9c1027466.htm" />
                <HelpTOCNode Title="NativePrice Property " Url="html/040902c1-25ff-f6a5-2d4e-9deb9acd995a.htm" />
                <HelpTOCNode Title="Price Property " Url="html/3ee5458e-1b33-7d7e-8216-835da2709138.htm" />
              </HelpTOCNode>
            </HelpTOCNode>
            <HelpTOCNode Id="cea044b3-0797-43c9-95f6-323a3e48232b" Title="IndicativePrice3 Class" Url="html/df4a92a5-58e9-bb12-d1e2-3f011fcbb34d.htm">
              <HelpTOCNode Title="IndicativePrice3 Constructor " Url="html/47ea4ad9-136a-35bb-7bb9-2b1ee7c508d7.htm" />
              <HelpTOCNode Id="99d25a3e-2b47-46d1-b8c1-cb2595fc4cc2" Title="IndicativePrice3 Properties" Url="html/11f1f527-cd5b-2555-7c3d-e3bd7e9ce42e.htm">
                <HelpTOCNode Title="Currency Property " Url="html/efa22344-84c2-1cd6-c50a-7b42ffaa5fef.htm" />
                <HelpTOCNode Title="IsFreeTransfer Property " Url="html/bb78399c-3e8b-d717-8204-86812f6004e5.htm" />
                <HelpTOCNode Title="NativeCurrency Property " Url="html/5364135a-619f-a94e-7c0c-1de576a2ade2.htm" />
                <HelpTOCNode Title="NativePrice Property " Url="html/3b7e7033-52f2-af1b-d8ed-103480b340e8.htm" />
                <HelpTOCNode Title="Price Property " Url="html/344900f4-fb31-e88d-f2f4-fefae37d55bf.htm" />
              </HelpTOCNode>
            </HelpTOCNode>
            <HelpTOCNode Id="b3a66ddc-08ab-48d4-847d-a4ec3bb91c09" Title="IndicativePrice4 Class" Url="html/a2a8d951-9188-2b83-169a-b2f142adafd4.htm">
              <HelpTOCNode Title="IndicativePrice4 Constructor " Url="html/33e6d885-d530-69c5-ce30-aa6bf7a14602.htm" />
              <HelpTOCNode Id="32beb924-e4c2-4478-82b6-e4bdf83826b1" Title="IndicativePrice4 Properties" Url="html/e469b1c6-711f-5b23-0a61-b1db692a0b62.htm">
                <HelpTOCNode Title="Currency Property " Url="html/da4331e9-bad2-f5b3-0991-243d90a18912.htm" />
                <HelpTOCNode Title="IsFreeTransfer Property " Url="html/c7d0abaa-1af8-009a-2e93-66dfb7c384bc.htm" />
                <HelpTOCNode Title="Price Property " Url="html/d85cc323-af78-fa91-b9f7-296262aa8d1e.htm" />
              </HelpTOCNode>
            </HelpTOCNode>
            <HelpTOCNode Id="b96d21e7-2099-4235-872f-93036058c17f" Title="Itinerary Class" Url="html/b3fa65bc-0745-e74b-abb2-a196edbd251b.htm">
              <HelpTOCNode Title="Itinerary Constructor " Url="html/ee5132cd-3a47-305f-a932-6be6eb85e354.htm" />
              <HelpTOCNode Id="721d36e9-1359-4fb0-9bbb-6afe6755ca81" Title="Itinerary Properties" Url="html/76a705fc-bd61-25d7-44c1-b2f06b4ca2eb.htm">
                <HelpTOCNode Title="IsHidden Property " Url="html/75a08bba-aae3-f12b-4f6a-204051cf50a3.htm" />
                <HelpTOCNode Title="Legs Property " Url="html/a5cb1d48-9225-966f-4f04-53da0ec683bb.htm" />
                <HelpTOCNode Title="OuterItinerary Property " Url="html/5c245a1f-268e-41dd-353b-5b0c636e93d8.htm" />
                <HelpTOCNode Title="ValidForSchedule Property " Url="html/fc2ab4aa-4deb-38f1-c4d3-4a27a28e0b56.htm" />
              </HelpTOCNode>
            </HelpTOCNode>
            <HelpTOCNode Id="9ba43c7b-192c-44cd-8180-93816971447f" Title="ItineraryDates Class" Url="html/6591d286-6cc8-ec6a-d31c-9af28c13d5f2.htm">
              <HelpTOCNode Title="ItineraryDates Constructor " Url="html/66ca27ec-69af-1d2d-714f-fe62965e83a6.htm" />
              <HelpTOCNode Id="fb9e9b9a-46fa-4418-88dc-9a3e12c32a92" Title="ItineraryDates Fields" Url="html/e8f5bd2c-885d-0924-7104-ef4abaceb4ec.htm">
                <HelpTOCNode Title="arrivalDateTime Field" Url="html/d6ccdee3-c255-0f81-8f5b-541265895ddd.htm" />
                <HelpTOCNode Title="departureDateTime Field" Url="html/d5c95709-a38f-65af-52f5-3839a2f7e640.htm" />
              </HelpTOCNode>
            </HelpTOCNode>
            <HelpTOCNode Id="92f6c2aa-fe99-42d1-8c7e-3d0eb7e1b808" Title="Leg Class" Url="html/936d2b53-a35a-ba58-dbc7-d4a550b691c8.htm">
              <HelpTOCNode Title="Leg Constructor " Url="html/506bca5b-444f-ce6c-2ec6-171c03956aaa.htm" />
              <HelpTOCNode Id="66ae05da-5804-428b-a496-7183ede43c77" Title="Leg Properties" Url="html/a161568b-e43d-0883-367c-84d51d8f18cc.htm">
                <HelpTOCNode Title="Days Property " Url="html/e4c28dad-22b9-65d4-f08b-9a795181fd1d.htm" />
                <HelpTOCNode Title="Hops Property " Url="html/931c0860-3c73-d1b4-c96c-8d473992ff8f.htm" />
                <HelpTOCNode Title="Host Property " Url="html/f460bb8a-5c8c-03d1-3f14-b9d37d02c787.htm" />
                <HelpTOCNode Title="IndicativePrice Property " Url="html/234a5605-2b83-c603-c2cd-284581116e0b.htm" />
                <HelpTOCNode Title="Url Property " Url="html/b261b1cc-67cb-86b2-6fa5-02164eb39b71.htm" />
              </HelpTOCNode>
            </HelpTOCNode>
            <HelpTOCNode Id="1acd4f46-70fb-4367-8b57-d66f2ae75993" Title="Line Class" Url="html/c8607b12-f78a-eb3d-bebc-a2d187dea063.htm">
              <HelpTOCNode Title="Line Constructor " Url="html/0c57c4db-98cc-4c42-4cc9-efa2b90fdeea.htm" />
              <HelpTOCNode Id="0562fdee-c557-4fd9-9a6f-3608aedd541d" Title="Line Properties" Url="html/bd1df398-95af-a53b-a267-7f4f7da9647a.htm">
                <HelpTOCNode Title="Agency Property " Url="html/57cb9cc6-414d-d633-bd79-9433cd2c7190.htm" />
                <HelpTOCNode Title="Days Property " Url="html/1add4e6b-50be-7ca4-fe57-50766c9aad5e.htm" />
                <HelpTOCNode Title="Duration Property " Url="html/bcc2da18-23eb-736f-33ed-800ed60fd6f4.htm" />
                <HelpTOCNode Title="Frequency Property " Url="html/43257e90-2e03-a7ec-255d-71d1c039cdc3.htm" />
                <HelpTOCNode Title="Name Property " Url="html/9fc0bd29-7fc3-7eb8-f0f8-18d0c9ccf1b7.htm" />
                <HelpTOCNode Title="Vehicle Property " Url="html/f35072ec-8498-53d9-f3e2-fa43f9dd9b54.htm" />
              </HelpTOCNode>
            </HelpTOCNode>
            <HelpTOCNode Id="11102768-8e1b-4530-aacd-6a9b21e236bc" Title="Route Class" Url="html/a590e690-190f-d66c-cad4-627c443f76fc.htm">
              <HelpTOCNode Title="Route Constructor " Url="html/4dfd6063-0801-fca2-fb32-2b4fe3250425.htm" />
              <HelpTOCNode Id="e7e02902-432d-4797-8298-6f0cd79dd4fb" Title="Route Properties" Url="html/0753ff04-d6a7-5e73-9c3d-323ec1ba3b47.htm">
                <HelpTOCNode Title="Distance Property " Url="html/e741ec33-145e-15de-ba66-e63a194436b7.htm" />
                <HelpTOCNode Title="Duration Property " Url="html/1cffdd48-a96a-c284-ce0f-2e3ad6ebf150.htm" />
                <HelpTOCNode Title="IndicativePrice Property " Url="html/49338167-38c2-f7bd-b2f1-2a0204f2e95b.htm" />
                <HelpTOCNode Title="Name Property " Url="html/4c839f30-a29c-60da-6f68-e8a77f820629.htm" />
                <HelpTOCNode Title="RouteTotals Property " Url="html/ce87ef43-7d68-8706-2a80-5e9583899830.htm" />
                <HelpTOCNode Title="Segments Property " Url="html/47688cac-453b-fdd6-f0d4-6a5629e66d90.htm" />
                <HelpTOCNode Title="Stops Property " Url="html/fe4e5362-279b-2143-3532-17f660664142.htm" />
                <HelpTOCNode Title="ValidForSchedule Property " Url="html/8835faa8-6ff5-1f53-70fc-ba0113505bb3.htm" />
              </HelpTOCNode>
            </HelpTOCNode>
            <HelpTOCNode Id="ae984f03-c095-4816-abcc-52fcc977a86e" Title="RouteTotals Class" Url="html/8ff7e5c1-6597-57dd-27cf-e1c10f2f6aaa.htm">
              <HelpTOCNode Title="RouteTotals Constructor " Url="html/2c2d7fad-5ec0-c643-6020-0246a582d25f.htm" />
              <HelpTOCNode Id="77953bb7-75c0-4f21-b865-963db28006fc" Title="RouteTotals Properties" Url="html/971700da-0792-21a4-7895-96a776698ab7.htm">
                <HelpTOCNode Title="TotalDistance Property " Url="html/a7832c23-47cc-6deb-f854-57831a0ac339.htm" />
                <HelpTOCNode Title="TotalPriceOfBus Property " Url="html/5c16b391-df76-56a7-85f9-c7b3b259d66c.htm" />
                <HelpTOCNode Title="TotalPriceOfCar Property " Url="html/3daf7da3-3df4-b564-7123-e91daa09a8e9.htm" />
                <HelpTOCNode Title="TotalPriceOfFlight Property " Url="html/d4c59c8b-ee42-5a54-42ce-73baf6f9810b.htm" />
                <HelpTOCNode Title="TotalPriceOfTrain Property " Url="html/7ed31003-c599-a9aa-0e04-6cd83186f2f7.htm" />
                <HelpTOCNode Title="TotalTimeOnBus Property " Url="html/9e5f4451-1f9e-6000-44a4-c8cdc2661ab6.htm" />
                <HelpTOCNode Title="TotalTimeOnCar Property " Url="html/ae090b66-fe83-84e8-d57d-b43dd31657fd.htm" />
                <HelpTOCNode Title="TotalTimeOnFlight Property " Url="html/1755d7c8-cbd9-b9ee-769e-a8a1526f00ea.htm" />
                <HelpTOCNode Title="TotalTimeOnTrain Property " Url="html/e94ba367-a8b9-b228-91f2-7dfcacdcdae5.htm" />
                <HelpTOCNode Title="TotalTimeOnWalk Property " Url="html/99cf137d-36fd-687b-b00b-3cb5faf987d8.htm" />
                <HelpTOCNode Title="TotalTimeWaiting Property " Url="html/ad889813-e496-b391-1bcc-966947d60795.htm" />
              </HelpTOCNode>
            </HelpTOCNode>
            <HelpTOCNode Id="7c8612ea-ffa2-47d3-b035-f7eb301ae4cd" Title="Segment Class" Url="html/a74e132b-d102-dfdd-364c-c792756d34db.htm">
              <HelpTOCNode Title="Segment Constructor " Url="html/1d457f99-acfa-14f6-03be-aac6044c513c.htm" />
              <HelpTOCNode Id="a2b39367-6bd9-4ca2-8e60-b09d73ec4d2d" Title="Segment Properties" Url="html/8de79bc0-65ba-45f0-ef3d-f961843ade24.htm">
                <HelpTOCNode Title="ArrivalDateTime Property " Url="html/0b6dc3b6-02af-73a0-d687-8187c41440be.htm" />
                <HelpTOCNode Title="ChosenItinerary Property " Url="html/ce98f56a-2582-5ad2-4a56-66e5e66f0f43.htm" />
                <HelpTOCNode Title="DepartureDateTime Property " Url="html/8465d46a-b87d-37a1-f19d-1e496bc46837.htm" />
                <HelpTOCNode Title="Distance Property " Url="html/f9d1084f-6c00-58d5-a9fc-1ebabd42a5e5.htm" />
                <HelpTOCNode Title="Duration Property " Url="html/6fd0de5a-294e-ffb4-7a0d-8934bd9808cd.htm" />
                <HelpTOCNode Title="Frequency Property " Url="html/019923f5-3e20-f126-023f-36ca90b25d6b.htm" />
                <HelpTOCNode Title="IndicativePrice Property " Url="html/1e3e6531-f621-0fb9-8435-a32873586194.htm" />
                <HelpTOCNode Title="IsImperial Property " Url="html/df8a38f1-6900-c914-f009-1ade1438e01e.htm" />
                <HelpTOCNode Title="IsMajor Property " Url="html/9c87cf8f-4c25-6dad-0909-81df41dadae7.htm" />
                <HelpTOCNode Title="Itineraries Property " Url="html/a14f6f55-94e2-da0e-89d6-8da3c2f2e147.htm" />
                <HelpTOCNode Title="Kind Property " Url="html/72f29ff6-e554-747b-a37a-4a4556a5702e.htm" />
                <HelpTOCNode Title="Path Property " Url="html/3410f5ae-d712-7960-3b00-208a38a619e7.htm" />
                <HelpTOCNode Title="SCode Property " Url="html/1c3729ff-d383-17f4-3532-c70fae304b0c.htm" />
                <HelpTOCNode Title="SName Property " Url="html/b2e54476-c4b3-bbe0-7628-a419818374e2.htm" />
                <HelpTOCNode Title="SPos Property " Url="html/39b167f6-c85b-89f4-f590-2e7c9fd729ea.htm" />
                <HelpTOCNode Title="Subkind Property " Url="html/1b083424-0dd3-f90f-d95f-e3125443d450.htm" />
                <HelpTOCNode Title="TCode Property " Url="html/fafbeb1d-e9f9-c47a-2bc4-614261b01b4a.htm" />
                <HelpTOCNode Title="TName Property " Url="html/eae38357-8e61-baca-4bd9-b40366d476ed.htm" />
                <HelpTOCNode Title="TPos Property " Url="html/9c31042e-c7ef-b008-f5f5-4737d4f999b4.htm" />
                <HelpTOCNode Title="Vehicle Property " Url="html/44ada827-d7a8-fce1-6666-2219f4b08f0a.htm" />
              </HelpTOCNode>
            </HelpTOCNode>
            <HelpTOCNode Id="4196eac9-8d5d-46dd-8e3f-5eb9566ac6db" Title="Stop Class" Url="html/036503e0-d8ce-63b2-345d-65d6fd4ee491.htm">
              <HelpTOCNode Title="Stop Constructor " Url="html/5e98daf2-0082-a8bd-dc3e-2442bb14f19d.htm" />
              <HelpTOCNode Id="7257896e-2d93-4f9d-a1ad-15c492b6bbdf" Title="Stop Properties" Url="html/18a852f4-1b3d-4bc6-f6d1-1663b32c663f.htm">
                <HelpTOCNode Title="Code Property " Url="html/44b2da85-41ff-6978-013b-a8c0830116f8.htm" />
                <HelpTOCNode Title="Kind Property " Url="html/4940c518-c8b2-bff9-e0c0-fb8baf327f37.htm" />
                <HelpTOCNode Title="Name Property " Url="html/b436c5d5-abb3-c572-daa0-35823782961d.htm" />
                <HelpTOCNode Title="Pos Property " Url="html/279b5399-e52e-7ef6-2d92-58907e24bd11.htm" />
              </HelpTOCNode>
            </HelpTOCNode>
          </HelpTOCNode>
        </HelpTOCNode>
      </HelpTOCNode>
    </HelpTOCNode>
  </HelpTOCNode>
</HelpTOC>
