﻿<?xml version="1.0" encoding="utf-8"?><HelpTOCNode Title="Route Properties" Url="html/0753ff04-d6a7-5e73-9c3d-323ec1ba3b47.htm"><HelpTOCNode Title="Distance Property " Url="html/e741ec33-145e-15de-ba66-e63a194436b7.htm" /><HelpTOCNode Title="Duration Property " Url="html/1cffdd48-a96a-c284-ce0f-2e3ad6ebf150.htm" /><HelpTOCNode Title="IndicativePrice Property " Url="html/49338167-38c2-f7bd-b2f1-2a0204f2e95b.htm" /><HelpTOCNode Title="Name Property " Url="html/4c839f30-a29c-60da-6f68-e8a77f820629.htm" /><HelpTOCNode Title="RouteTotals Property " Url="html/ce87ef43-7d68-8706-2a80-5e9583899830.htm" /><HelpTOCNode Title="Segments Property " Url="html/47688cac-453b-fdd6-f0d4-6a5629e66d90.htm" /><HelpTOCNode Title="Stops Property " Url="html/fe4e5362-279b-2143-3532-17f660664142.htm" /><HelpTOCNode Title="ValidForSchedule Property " Url="html/8835faa8-6ff5-1f53-70fc-ba0113505bb3.htm" /></HelpTOCNode>