﻿<?xml version="1.0" encoding="utf-8"?><HelpTOCNode Title="D2DRequest Properties" Url="html/62f2d4cb-9c4d-0de7-d1eb-c638950eed58.htm"><HelpTOCNode Title="chosenRoute Property " Url="html/9f80dfaf-3675-157a-3f68-70f2f494c71f.htm" /><HelpTOCNode Title="chosenStay Property " Url="html/bc8371de-4dbf-1310-c59a-d15c7214b608.htm" /><HelpTOCNode Title="dailyAlimentationBudget Property " Url="html/daa4aac7-15d4-f899-eaa3-717d3950a81e.htm" /><HelpTOCNode Title="desiredInboundDate Property " Url="html/5a53e52f-4df6-06f6-8179-8271513a0311.htm" /><HelpTOCNode Title="desiredOutboundDate Property " Url="html/696ed19a-f238-b1e1-118d-cd146b4dcaae.htm" /><HelpTOCNode Title="destLocation Property " Url="html/cb3f7830-c553-c5ac-6ab2-0158f522882d.htm" /><HelpTOCNode Title="flags Property " Url="html/9d2b6227-7ac5-9e0b-1e27-b3381c4d33d2.htm" /><HelpTOCNode Title="inboundDateKind Property " Url="html/b353dfe6-462c-1142-edbb-72a742e89680.htm" /><HelpTOCNode Title="maxDriveKm Property " Url="html/f269b0d7-8a0a-9584-a0e4-62b16df0ed22.htm" /><HelpTOCNode Title="oriLocation Property " Url="html/03e9640a-f5df-aad1-dc4a-a659d4a5402a.htm" /><HelpTOCNode Title="outboundDateKind Property " Url="html/377cdfcf-0f31-fa74-8cf2-a4dd21a22d01.htm" /></HelpTOCNode>