﻿<?xml version="1.0" encoding="utf-8"?><HelpTOCNode Title="Segment Properties" Url="html/8de79bc0-65ba-45f0-ef3d-f961843ade24.htm"><HelpTOCNode Title="ArrivalDateTime Property " Url="html/0b6dc3b6-02af-73a0-d687-8187c41440be.htm" /><HelpTOCNode Title="ChosenItinerary Property " Url="html/ce98f56a-2582-5ad2-4a56-66e5e66f0f43.htm" /><HelpTOCNode Title="DepartureDateTime Property " Url="html/8465d46a-b87d-37a1-f19d-1e496bc46837.htm" /><HelpTOCNode Title="Distance Property " Url="html/f9d1084f-6c00-58d5-a9fc-1ebabd42a5e5.htm" /><HelpTOCNode Title="Duration Property " Url="html/6fd0de5a-294e-ffb4-7a0d-8934bd9808cd.htm" /><HelpTOCNode Title="Frequency Property " Url="html/019923f5-3e20-f126-023f-36ca90b25d6b.htm" /><HelpTOCNode Title="IndicativePrice Property " Url="html/1e3e6531-f621-0fb9-8435-a32873586194.htm" /><HelpTOCNode Title="IsImperial Property " Url="html/df8a38f1-6900-c914-f009-1ade1438e01e.htm" /><HelpTOCNode Title="IsMajor Property " Url="html/9c87cf8f-4c25-6dad-0909-81df41dadae7.htm" /><HelpTOCNode Title="Itineraries Property " Url="html/a14f6f55-94e2-da0e-89d6-8da3c2f2e147.htm" /><HelpTOCNode Title="Kind Property " Url="html/72f29ff6-e554-747b-a37a-4a4556a5702e.htm" /><HelpTOCNode Title="Path Property " Url="html/3410f5ae-d712-7960-3b00-208a38a619e7.htm" /><HelpTOCNode Title="SCode Property " Url="html/1c3729ff-d383-17f4-3532-c70fae304b0c.htm" /><HelpTOCNode Title="SName Property " Url="html/b2e54476-c4b3-bbe0-7628-a419818374e2.htm" /><HelpTOCNode Title="SPos Property " Url="html/39b167f6-c85b-89f4-f590-2e7c9fd729ea.htm" /><HelpTOCNode Title="Subkind Property " Url="html/1b083424-0dd3-f90f-d95f-e3125443d450.htm" /><HelpTOCNode Title="TCode Property " Url="html/fafbeb1d-e9f9-c47a-2bc4-614261b01b4a.htm" /><HelpTOCNode Title="TName Property " Url="html/eae38357-8e61-baca-4bd9-b40366d476ed.htm" /><HelpTOCNode Title="TPos Property " Url="html/9c31042e-c7ef-b008-f5f5-4737d4f999b4.htm" /><HelpTOCNode Title="Vehicle Property " Url="html/44ada827-d7a8-fce1-6666-2219f4b08f0a.htm" /></HelpTOCNode>