﻿<?xml version="1.0" encoding="utf-8"?><HelpTOCNode Title="RouteTotals Properties" Url="html/971700da-0792-21a4-7895-96a776698ab7.htm"><HelpTOCNode Title="TotalDistance Property " Url="html/a7832c23-47cc-6deb-f854-57831a0ac339.htm" /><HelpTOCNode Title="TotalPriceOfBus Property " Url="html/5c16b391-df76-56a7-85f9-c7b3b259d66c.htm" /><HelpTOCNode Title="TotalPriceOfCar Property " Url="html/3daf7da3-3df4-b564-7123-e91daa09a8e9.htm" /><HelpTOCNode Title="TotalPriceOfFlight Property " Url="html/d4c59c8b-ee42-5a54-42ce-73baf6f9810b.htm" /><HelpTOCNode Title="TotalPriceOfTrain Property " Url="html/7ed31003-c599-a9aa-0e04-6cd83186f2f7.htm" /><HelpTOCNode Title="TotalTimeOnBus Property " Url="html/9e5f4451-1f9e-6000-44a4-c8cdc2661ab6.htm" /><HelpTOCNode Title="TotalTimeOnCar Property " Url="html/ae090b66-fe83-84e8-d57d-b43dd31657fd.htm" /><HelpTOCNode Title="TotalTimeOnFlight Property " Url="html/1755d7c8-cbd9-b9ee-769e-a8a1526f00ea.htm" /><HelpTOCNode Title="TotalTimeOnTrain Property " Url="html/e94ba367-a8b9-b228-91f2-7dfcacdcdae5.htm" /><HelpTOCNode Title="TotalTimeOnWalk Property " Url="html/99cf137d-36fd-687b-b00b-3cb5faf987d8.htm" /><HelpTOCNode Title="TotalTimeWaiting Property " Url="html/ad889813-e496-b391-1bcc-966947d60795.htm" /></HelpTOCNode>