﻿<?xml version="1.0" encoding="utf-8"?><HelpTOCNode Title="Door2DoorCore.Types.Door2DoorResponse" Url="html/b4faae15-91fc-4a99-cf15-87b700af64fb.htm"><HelpTOCNode Title="Codeshare Class" Url="html/98cd0b3e-5dd4-a6d6-32fd-f4d0621f5159.htm" HasChildren="true" /><HelpTOCNode Title="Door2DoorLegResponse Class" Url="html/7ea0a1bd-e663-4248-5417-b8b3dcf08ed2.htm" HasChildren="true" /><HelpTOCNode Title="Door2DoorResponse Class" Url="html/32721075-0a75-2624-45ac-408597ed7ead.htm" HasChildren="true" /><HelpTOCNode Title="Hop Class" Url="html/b6ed7f75-a090-1fe2-541e-bf195cd4b42a.htm" HasChildren="true" /><HelpTOCNode Title="IndicativePrice Class" Url="html/2224e75d-b447-fdab-5a7d-d828c8502c3a.htm" HasChildren="true" /><HelpTOCNode Title="IndicativePrice2 Class" Url="html/786a8688-2a3c-4c9f-5532-575c7bf60002.htm" HasChildren="true" /><HelpTOCNode Title="IndicativePrice3 Class" Url="html/df4a92a5-58e9-bb12-d1e2-3f011fcbb34d.htm" HasChildren="true" /><HelpTOCNode Title="IndicativePrice4 Class" Url="html/a2a8d951-9188-2b83-169a-b2f142adafd4.htm" HasChildren="true" /><HelpTOCNode Title="Itinerary Class" Url="html/b3fa65bc-0745-e74b-abb2-a196edbd251b.htm" HasChildren="true" /><HelpTOCNode Title="ItineraryDates Class" Url="html/6591d286-6cc8-ec6a-d31c-9af28c13d5f2.htm" HasChildren="true" /><HelpTOCNode Title="Leg Class" Url="html/936d2b53-a35a-ba58-dbc7-d4a550b691c8.htm" HasChildren="true" /><HelpTOCNode Title="Line Class" Url="html/c8607b12-f78a-eb3d-bebc-a2d187dea063.htm" HasChildren="true" /><HelpTOCNode Title="Route Class" Url="html/a590e690-190f-d66c-cad4-627c443f76fc.htm" HasChildren="true" /><HelpTOCNode Title="RouteTotals Class" Url="html/8ff7e5c1-6597-57dd-27cf-e1c10f2f6aaa.htm" HasChildren="true" /><HelpTOCNode Title="Segment Class" Url="html/a74e132b-d102-dfdd-364c-c792756d34db.htm" HasChildren="true" /><HelpTOCNode Title="Stop Class" Url="html/036503e0-d8ce-63b2-345d-65d6fd4ee491.htm" HasChildren="true" /></HelpTOCNode>