﻿<?xml version="1.0" encoding="utf-8"?><HelpTOCNode Title="Hop Properties" Url="html/c41b64ab-0bda-bf74-95d5-b499f0f61bc6.htm"><HelpTOCNode Title="Aircraft Property " Url="html/f14cfe26-9c6c-2231-ffee-192482e26c41.htm" /><HelpTOCNode Title="Airline Property " Url="html/cc1ebfb1-15c7-576a-c40e-2f66c2c2ce96.htm" /><HelpTOCNode Title="Codeshares Property " Url="html/48bc0c97-5951-ea3c-749d-cf70674abd41.htm" /><HelpTOCNode Title="DayChange Property " Url="html/f3fbc334-cb11-8206-f198-f22e31ad33a4.htm" /><HelpTOCNode Title="Duration Property " Url="html/8e6a5545-6be6-39a8-995c-4c8b46ce35bc.htm" /><HelpTOCNode Title="Flight Property " Url="html/c655604b-947f-1305-d070-9d77abeb0f20.htm" /><HelpTOCNode Title="Frequency Property " Url="html/7ea709ef-40e4-93d0-f7dd-f863d9da70f2.htm" /><HelpTOCNode Title="IndicativePrice Property " Url="html/999bc917-1e00-7e98-b391-93cc04ac210b.htm" /><HelpTOCNode Title="Lines Property " Url="html/d9d6758c-2a3a-2d71-f3c0-37067df18444.htm" /><HelpTOCNode Title="SCode Property " Url="html/0e04df1e-19a4-7bcb-a987-d02455fc5f3a.htm" /><HelpTOCNode Title="SName Property " Url="html/04052acc-b3a9-e514-28f1-b44f84484a59.htm" /><HelpTOCNode Title="SPos Property " Url="html/060b20da-09bc-d0aa-d933-0c7bb9544b6b.htm" /><HelpTOCNode Title="STerminal Property " Url="html/f67a1f30-fb4c-8f74-71c2-09cf7c8d5447.htm" /><HelpTOCNode Title="STime Property " Url="html/0b186803-8e81-8f7a-9ba5-54ccc823a997.htm" /><HelpTOCNode Title="TCode Property " Url="html/de2005c8-b5f5-7b76-3349-cb528446b7b6.htm" /><HelpTOCNode Title="TName Property " Url="html/3c5f43d5-c71d-feaf-7f91-eb04177c651d.htm" /><HelpTOCNode Title="TPos Property " Url="html/f820548e-c1bc-d7e6-7e43-654bef7f99d0.htm" /><HelpTOCNode Title="TTime Property " Url="html/f0387912-3e2f-2818-08e2-caa140401b99.htm" /></HelpTOCNode>