﻿<?xml version="1.0" encoding="utf-8"?><HelpTOCNode Title="OuterFlightLeg Properties" Url="html/c71239e4-8de1-9082-93be-beadbaf0b19c.htm"><HelpTOCNode Title="arrivalDate Property " Url="html/a4627ac1-b49e-1d15-44b2-32219ebc9027.htm" /><HelpTOCNode Title="departureDate Property " Url="html/8402ebec-cbc1-eb22-ccf9-52e9c2963f48.htm" /><HelpTOCNode Title="destination Property " Url="html/5a1668fc-3115-24e9-020f-8952d7d37314.htm" /><HelpTOCNode Title="distance Property " Url="html/974f0eef-7809-f3ca-95d6-7b6ae15a735e.htm" /><HelpTOCNode Title="duration Property " Url="html/09a3a476-1173-7a75-a8ea-fca9fb32fa43.htm" /><HelpTOCNode Title="fareBasis Property " Url="html/8a6f1db0-ff5d-a779-d3c8-147541e0a34b.htm" /><HelpTOCNode Title="fareClass Property " Url="html/b9983d0c-23b1-cb69-c180-f0646ad7d272.htm" /><HelpTOCNode Title="marketingAirline Property " Url="html/47c0096b-dc2b-b76c-cb49-469bbecf1b1a.htm" /><HelpTOCNode Title="number Property " Url="html/c1cb6b3c-92fa-c8ef-250d-7bda37906e7b.htm" /><HelpTOCNode Title="operatingAirline Property " Url="html/6c106137-26bd-5808-4465-c34fa74ba259.htm" /><HelpTOCNode Title="origin Property " Url="html/2e32cc6b-3a1f-3ea5-0bb7-c3985023b7e1.htm" /></HelpTOCNode>