﻿<?xml version="1.0" encoding="utf-8"?><HelpTOCNode Title="Exemplos" Url="html/exemplos.htm"><HelpTOCNode Title="Exemplo 1 - Somente ida, informando a data de chegada desejada ao destino" Url="html/exemplo_1.htm" /><HelpTOCNode Title="Exemplo 2 - Somente ida, informando a data de saída do endereço de origem" Url="html/exemplo_2.htm" /><HelpTOCNode Title="Exemplo 3 - Somente ida, informando o retorno de transporte publico na resposta" Url="html/exemplo_3.htm" /><HelpTOCNode Title="Exemplo 4 - Ida e volta. Ida informada com data de chegada e volta informada com data de saída" Url="html/exemplo_4.htm" /><HelpTOCNode Title="Exemplo 5 - Ida e volta com conteúdo do voo de ida vindo de um provedor externo" Url="html/exemplo_5.htm" /><HelpTOCNode Title="Exemplo 6 - Ida e volta com conteúdo dos voos de ida e de volta vindos de um provedor externo" Url="html/exemplo_6.htm" /><HelpTOCNode Title="Exemplo 7 - Ida e volta, especificando localização da hospedagem" Url="html/exemplo_7.htm" /><HelpTOCNode Title="Exemplo 8 - Ida e volta, especificando voos e hospedagem" Url="html/exemplo_8.htm" /><HelpTOCNode Title="Request completo" Url="html/request_completo.htm" /><HelpTOCNode Title="Response completo" Url="html/response_completo.htm" /></HelpTOCNode>